<DataBase>

  <!--                   -->
  <!-- Ambiq             -->
  <!--                   -->

<!-- Apollo330P -->
  <Device>
    <ChipInfo Vendor="AmbiqMicro" Name="AP330NPA-CCR" WorkRAMAddr="0x20000000" WorkRAMSize="0x8000" Core="JLINK_CORE_CORTEX_M55" JLinkScriptFile="Devices/AmbiqMicro/Apollo330P_510L.JLinkScript" />
    <FlashBankInfo Name="Apollo330P_510L" BaseAddr="0x00410000" MaxSize="0x1F0000" Loader="Devices/AmbiqMicro/Apollo330P_510L.elf" LoaderType="FLASH_ALGO_TYPE_OPEN" AlwaysPresent="1" />
  </Device>

  <Device>
    <ChipInfo Vendor="AmbiqMicro" Name="AP330NPA-CBR" WorkRAMAddr="0x20000000" WorkRAMSize="0x8000" Core="JLINK_CORE_CORTEX_M55" JLinkScriptFile="Devices/AmbiqMicro/Apollo330P_510L.JLinkScript" />
    <FlashBankInfo Name="Apollo330P_510L" BaseAddr="0x00410000" MaxSize="0x1F0000" Loader="Devices/AmbiqMicro/Apollo330P_510L.elf" LoaderType="FLASH_ALGO_TYPE_OPEN" AlwaysPresent="1" />
  </Device>

  <Device>
    <ChipInfo Vendor="AmbiqMicro" Name="AP330BPA-CCR" WorkRAMAddr="0x20000000" WorkRAMSize="0x8000" Core="JLINK_CORE_CORTEX_M55" JLinkScriptFile="Devices/AmbiqMicro/Apollo330P_510L.JLinkScript" />
    <FlashBankInfo Name="Apollo330P_510L" BaseAddr="0x00410000" MaxSize="0x1F0000" Loader="Devices/AmbiqMicro/Apollo330P_510L.elf" LoaderType="FLASH_ALGO_TYPE_OPEN" AlwaysPresent="1" />
  </Device>

  <Device>
    <ChipInfo Vendor="AmbiqMicro" Name="AP330BPA-CBR" WorkRAMAddr="0x20000000" WorkRAMSize="0x8000" Core="JLINK_CORE_CORTEX_M55" JLinkScriptFile="Devices/AmbiqMicro/Apollo330P_510L.JLinkScript" />
    <FlashBankInfo Name="Apollo330P_510L" BaseAddr="0x00410000" MaxSize="0x1F0000" Loader="Devices/AmbiqMicro/Apollo330P_510L.elf" LoaderType="FLASH_ALGO_TYPE_OPEN" AlwaysPresent="1" />
  </Device>

  <Device>
    <ChipInfo Vendor="AmbiqMicro" Name="AP330MPA-CCR" WorkRAMAddr="0x20000000" WorkRAMSize="0x8000" Core="JLINK_CORE_CORTEX_M55" JLinkScriptFile="Devices/AmbiqMicro/Apollo330P_510L.JLinkScript" />
    <FlashBankInfo Name="Apollo330P_510L" BaseAddr="0x00410000" MaxSize="0x1F0000" Loader="Devices/AmbiqMicro/Apollo330P_510L.elf" LoaderType="FLASH_ALGO_TYPE_OPEN" AlwaysPresent="1" />
  </Device>

<!-- AP330MPA-CBR is the default device -->
  <Device>
    <ChipInfo Vendor="AmbiqMicro" Name="AP330MPA-CBR" WorkRAMAddr="0x20000000" WorkRAMSize="0x8000" Core="JLINK_CORE_CORTEX_M55" JLinkScriptFile="Devices/AmbiqMicro/Apollo330P_510L.JLinkScript" />
    <FlashBankInfo Name="Apollo330P_510L" BaseAddr="0x00410000" MaxSize="0x1F0000" Loader="Devices/AmbiqMicro/Apollo330P_510L.elf" LoaderType="FLASH_ALGO_TYPE_OPEN" AlwaysPresent="1" />
  </Device>

<!-- Apollo510L -->
  <Device>
    <ChipInfo Vendor="AmbiqMicro" Name="AP510NLA-CCR" WorkRAMAddr="0x20000000" WorkRAMSize="0x8000" Core="JLINK_CORE_CORTEX_M55" JLinkScriptFile="Devices/AmbiqMicro/Apollo330P_510L.JLinkScript" />
    <FlashBankInfo Name="Apollo330P_510L" BaseAddr="0x00410000" MaxSize="0x1F0000" Loader="Devices/AmbiqMicro/Apollo330P_510L.elf" LoaderType="FLASH_ALGO_TYPE_OPEN" AlwaysPresent="1" />
  </Device>

  <Device>
    <ChipInfo Vendor="AmbiqMicro" Name="AP510NLA-CBR" WorkRAMAddr="0x20000000" WorkRAMSize="0x8000" Core="JLINK_CORE_CORTEX_M55" JLinkScriptFile="Devices/AmbiqMicro/Apollo330P_510L.JLinkScript" />
    <FlashBankInfo Name="Apollo330P_510L" BaseAddr="0x00410000" MaxSize="0x1F0000" Loader="Devices/AmbiqMicro/Apollo330P_510L.elf" LoaderType="FLASH_ALGO_TYPE_OPEN" AlwaysPresent="1" />
  </Device>

  <Device>
    <ChipInfo Vendor="AmbiqMicro" Name="AP510BLA-CCR" WorkRAMAddr="0x20000000" WorkRAMSize="0x8000" Core="JLINK_CORE_CORTEX_M55" JLinkScriptFile="Devices/AmbiqMicro/Apollo330P_510L.JLinkScript" />
    <FlashBankInfo Name="Apollo330P_510L" BaseAddr="0x00410000" MaxSize="0x1F0000" Loader="Devices/AmbiqMicro/Apollo330P_510L.elf" LoaderType="FLASH_ALGO_TYPE_OPEN" AlwaysPresent="1" />
  </Device>

  <Device>
    <ChipInfo Vendor="AmbiqMicro" Name="AP510BLA-CBR" WorkRAMAddr="0x20000000" WorkRAMSize="0x8000" Core="JLINK_CORE_CORTEX_M55" JLinkScriptFile="Devices/AmbiqMicro/Apollo330P_510L.JLinkScript" />
    <FlashBankInfo Name="Apollo330P_510L" BaseAddr="0x00410000" MaxSize="0x1F0000" Loader="Devices/AmbiqMicro/Apollo330P_510L.elf" LoaderType="FLASH_ALGO_TYPE_OPEN" AlwaysPresent="1" />
  </Device>

  <Device>
    <ChipInfo Vendor="AmbiqMicro" Name="AP510DLA-CCR" WorkRAMAddr="0x20000000" WorkRAMSize="0x8000" Core="JLINK_CORE_CORTEX_M55" JLinkScriptFile="Devices/AmbiqMicro/Apollo330P_510L.JLinkScript" />
    <FlashBankInfo Name="Apollo330P_510L" BaseAddr="0x00410000" MaxSize="0x1F0000" Loader="Devices/AmbiqMicro/Apollo330P_510L.elf" LoaderType="FLASH_ALGO_TYPE_OPEN" AlwaysPresent="1" />
  </Device>

  <Device>
    <ChipInfo Vendor="AmbiqMicro" Name="AP510DLA-CBR" WorkRAMAddr="0x20000000" WorkRAMSize="0x8000" Core="JLINK_CORE_CORTEX_M55" JLinkScriptFile="Devices/AmbiqMicro/Apollo330P_510L.JLinkScript" />
    <FlashBankInfo Name="Apollo330P_510L" BaseAddr="0x00410000" MaxSize="0x1F0000" Loader="Devices/AmbiqMicro/Apollo330P_510L.elf" LoaderType="FLASH_ALGO_TYPE_OPEN" AlwaysPresent="1" />
  </Device>

</DataBase>
